{"cameraMode":{"drawMode":0,"name":"Shaded","section":"Shading Mode"},"sceneLighting":true,"audioPlay":false,"sceneViewState":{"m_AlwaysRefresh":false,"showFog":true,"showSkybox":true,"showFlares":true,"showImageEffects":true,"showParticleSystems":true,"showVisualEffectGraphs":true,"m_FxEnabled":true},"in2DMode":false,"pivot":{"x":0.16002897918224336,"y":2.2243900299072267,"z":-0.8470816612243652},"rotation":{"x":-0.045292697846889499,"y":0.008088536560535431,"z":-0.0003668412391562015,"w":-0.9989421367645264},"size":9.137106895446778,"orthographic":false}